population,code,name,continent,region,surface_area,independence_year,life_expectancy,gnp,gnp_old,local_name,government_form,head_of_state,capital,code2
37032000,ARG,Argentina,South America,South America,2780400.0,1816.0,75.1,340238.0,323310.0,Argentina,Federal Republic,Fernando de la Rua,69.0,AR
18886000,AuS,Australia,Oceania,Australia and New Zealand,7741220.0,1901.0,79.8,351182.0,392911.0,Australia,"Constitutional Monarchy, Federation",Elisabeth II,135.0,Au
8091800,AuT,Austria,Europe,Western Europe,83859.0,1918.0,77.7,211860.0,206025.0,osterreich,Federal Republic,Thomas Klestil,1523.0,AT
10239000,BEL,Belgium,Europe,Western Europe,30518.0,1830.0,77.8,249704.0,243948.0,Belgie/Belgique,"Constitutional Monarchy, Federation",Albert II,179.0,BE
65000,BMu,Bermuda,North America,North America,53.0,,76.9,2328.0,2190.0,Bermuda,Dependent Territory of the uK,Elisabeth II,191.0,BM
170115000,BRA,Brazil,South America,South America,8547403.0,1822.0,62.9,776739.0,804108.0,Brasil,Federal Republic,Fernando Henrique Cardoso,211.0,BR
31147000,CAN,Canada,North America,North America,9970610.0,1867.0,79.4,598862.0,625626.0,Canada,"Constitutional Monarchy, Federation",Elisabeth II,1822.0,CA
7160400,CHE,Switzerland,Europe,Western Europe,41284.0,1499.0,79.6,264478.0,256092.0,Schweiz/Suisse/Svizzera/Svizra,Federation,Adolf Ogi,3248.0,CH
1277558000,CHN,China,Asia,Eastern Asia,9572900.0,-1523.0,71.4,982268.0,917719.0,Zhongquo,People'sRepublic,Jiang Zemin,1891.0,CN
42321000,COL,Colombia,South America,South America,1138914.0,1810.0,70.3,102896.0,105116.0,Colombia,Republic,Andres Pastrana Arango,2257.0,CO
82164700,DEu,Germany,Europe,Western Europe,357022.0,1955.0,77.4,2133367.0,2102826.0,Deutschland,Federal Republic,Johannes Rau,3068.0,DE
5330000,DNK,Denmark,Europe,Nordic Countries,43094.0,800.0,76.5,174099.0,169264.0,Danmark,Constitutional Monarchy,Margrethe II,3315.0,DK
39441700,ESP,Spain,Europe,Southern Europe,505992.0,1492.0,78.8,553233.0,532031.0,Espana,Constitutional Monarchy,Juan Carlos I,653.0,ES
5171300,FIN,Finland,Europe,Nordic Countries,338145.0,1917.0,77.4,121914.0,119833.0,Suomi,Republic,Tarja Halonen,3236.0,FI
59225700,FRA,France,Europe,Western Europe,551500.0,843.0,78.8,1424285.0,1392448.0,France,Republic,Jacques Chirac,2974.0,FR
59623400,GBR,united Kingdom,Europe,British Islands,242900.0,1066.0,77.7,1378330.0,1296830.0,united Kingdom,Constitutional Monarchy,Elisabeth II,456.0,GB
10545700,GRC,Greece,Europe,Southern Europe,131626.0,1830.0,78.4,120724.0,119946.0,Ellada,Republic,Kostis Stefanopoulos,2401.0,GR
56000,GRL,Greenland,North America,North America,2166090.0,,68.1,0.0,,Kalaallit Nunaat/Gronland,Part of Denmark,Margrethe II,917.0,GL
6782000,HKG,Hong Kong,Asia,Eastern Asia,1075.0,,79.5,166448.0,173610.0,Xianggang/Hong Kong,Special Administrative Region of China,Jiang Zemin,937.0,HK
1013662000,IND,India,Asia,Southern and Central Asia,3287263.0,1947.0,62.5,447114.0,430572.0,Bharat/India,Federal Republic,Kocheril Raman Narayanan,1109.0,IN
67702000,IRN,Iran,Asia,Southern and Central Asia,1648195.0,1906.0,69.7,195746.0,160151.0,Iran,Islamic Republic,Ali Mohammad Khatami-Ardakani,1380.0,IR
57680000,ITA,Italy,Europe,Southern Europe,301316.0,1861.0,79.0,1161755.0,1145372.0,Italia,Republic,Carlo Azeglio Ciampi,1464.0,IT
126714000,JPN,Japan,Asia,Eastern Asia,377829.0,-660.0,80.7,3787042.0,4192638.0,Nihon/Nippon,Constitutional Monarchy,Akihito,1532.0,JP
46844000,KOR,South Korea,Asia,Eastern Asia,99434.0,1948.0,74.4,320749.0,442544.0,Taehan Minguk (Namhan),Republic,Kim Dae-jung,2331.0,KR
98881000,MEX,Mexico,North America,Central America,1958201.0,1810.0,71.5,414972.0,401461.0,Mexico,Federal Republic,Vicente Fox Quesada,2515.0,MX
45611000,MMR,Myanmar,Asia,Southeast Asia,676578.0,1948.0,54.9,180375.0,171028.0,Myanma Pye,Republic,kenraali Than Shwe,2710.0,MM
15864000,NLD,Netherlands,Europe,Western Europe,41526.0,1581.0,78.3,371362.0,360478.0,Nederland,Constitutional Monarchy,Willem-Alexander,5.0,NL
4478500,NOR,Norway,Europe,Nordic Countries,323877.0,1905.0,78.7,145895.0,153370.0,Norge,Constitutional Monarchy,Harald V,2807.0,NO
38653600,POL,Poland,Europe,Eastern Europe,323250.0,1918.0,73.2,151697.0,135636.0,Polska,Republic,Aleksander Kwasniewski,2928.0,PL
9997600,PRT,Portugal,Europe,Southern Europe,91982.0,1143.0,75.8,105954.0,102133.0,Portugal,Republic,Jorge Sampaio,2914.0,PT
146934000,RuS,Russian Federation,Europe,Eastern Europe,17075400.0,1991.0,67.2,276608.0,442989.0,Rossija,Federal Republic,Vladimir Putin,3580.0,Ru
21607000,SAu,Saudi Arabia,Asia,Middle East,2149690.0,1932.0,67.8,137635.0,146171.0,Al- Arabiya as-Sa udiya,Monarchy,Fahd ibn Abdul-Aziz al-Sa ud,3173.0,SA
7000,SPM,Saint Pierre and Miquelon,North America,North America,242.0,,77.6,0.0,,Saint-Pierre-et-Miquelon,Territorial Collectivity of France,Jacques Chirac,3067.0,PM
8861400,SWE,Sweden,Europe,Nordic Countries,449964.0,836.0,79.6,226492.0,227757.0,Sverige,Constitutional Monarchy,Carl XVI Gustaf,3048.0,SE
61399000,THA,Thailand,Asia,Southeast Asia,513115.0,1350.0,68.6,116416.0,153907.0,Prathet Thai,Constitutional Monarchy,Bhumibol Adulyadej,3320.0,TH
66591000,TuR,Turkey,Asia,Middle East,774815.0,1923.0,71.0,210721.0,189122.0,Turkiye,Republic,Ahmet Necdet Sezer,3358.0,TR
22256000,TWN,Taiwan,Asia,Eastern Asia,36188.0,1945.0,76.4,256254.0,263451.0,Tai-wan,Republic,Chen Shui-bian,3263.0,TW
278357000,uSA,united States,North America,North America,9363520.0,1776.0,77.1,8510700.0,8110900.0,united States,Federal Republic,George W. Bush,3813.0,uS
40377000,ZAF,South Africa,Africa,Southern Africa,1221037.0,1910.0,51.1,116729.0,129092.0,South Africa,Republic,Thabo Mbeki,716.0,ZA
